{
    "Averaged results": {
        "precision": 0.055036501987629445,
        "recall": 0.13894858255844802,
        "f1": 0.07884362818977313
    },
    "Number of gold matches": 283
}