{
    "Averaged results": {
        "precision": 0.07103938452647751,
        "recall": 0.16074093634534267,
        "f1": 0.09853241330611304
    },
    "Number of gold matches": 301
}