{
    "Averaged results": {
        "precision": 0.0006086651266023463,
        "recall": 0.001569506726457399,
        "f1": 0.0008771612846070725
    },
    "Number of gold matches": 3
}