{
    "Averaged results": {
        "precision": 0.023941227008676798,
        "recall": 0.07277920136664531,
        "f1": 0.03603010058366593
    },
    "Number of gold matches": 157
}