{
    "Averaged results": {
        "precision": 0.0338641923774301,
        "recall": 0.09070129546586946,
        "f1": 0.04931584456847693
    },
    "Number of gold matches": 148
}