{
    "Averaged results": {
        "precision": 0.01968168519246678,
        "recall": 0.0767369837437102,
        "f1": 0.03132823079445073
    },
    "Number of gold matches": 137
}