{
    "Averaged results": {
        "precision": 0.0003736920777279521,
        "recall": 0.0005605381165919282,
        "f1": 0.0004484304932735426
    },
    "Number of gold matches": 1
}