{
    "Averaged results": {
        "precision": 0.04657709007484792,
        "recall": 0.09617467111861731,
        "f1": 0.06275980460289796
    },
    "Number of gold matches": 143
}