{
    "Averaged results": {
        "precision": 0.03148594459264467,
        "recall": 0.060681526993186186,
        "f1": 0.04145964218895327
    },
    "Number of gold matches": 125
}